{
  "models": {
    "7": {
      "type": "ensemble",
      "scaler_mean": [
        -9.370319622972767,
        -9.098572288042327,
        0.2715858703432706,
        0.525443149133356,
        0.2573488133273099,
        0.6760669512006829,
        0.004438598568512472,
        -0.22885951173363855,
        -0.16828555799740713,
        -0.6399126618694513,
        1.2672666978184208,
        2.1611187101399754,
        0.17522647446220302,
        0.5685720701384319,
        1.335917749011219,
        0.16357706779699208,
        0.007203629086397448,
        0.02982419510365749,
        0.023845613041115685,
        0.0801704918032786,
        0.003965089773614356,
        0.3676502732240437,
        0.3602185792349727,
        0.2721311475409836
      ],
      "scaler_std": [
        1.0372138262424313,
        3473.67627246745,
        1.2328759227171728,
        29.96057120980532,
        14.072103211715635,
        0.3979772577654225,
        3.450240439675741,
        9.478788361785824,
        10.444034973695448,
        24.182879597431267,
        13.326359153427772,
        21.310444527084222,
        19.600818515074437,
        5.12638552203239,
        9.00127891565314,
        1.329309211636561,
        0.044873012906035195,
        0.1091965750614955,
        0.030423261058388898,
        0.43742961763704946,
        0.08285334238394984,
        0.48216547970832696,
        0.48006369828273715,
        0.4450570593519516
      ],
      "ridge_coef": [
        -0.31343311854893463,
        0.002681641471205157,
        -0.17849948109584587,
        0.0017370905848351345,
        -0.0023588051478751165,
        -0.023119957917532175,
        0.004664676669108841,
        0.04717997891226802,
        -0.13964208802375672,
        -0.053767391783545074,
        0.2776123814276868,
        0.030792520728379465,
        -0.1713029959048949,
        -0.021273205744536394,
        -0.02525630993623251,
        0.07185709383973878,
        0.021454865957565603,
        0.10781119368456316,
        -0.10907556472475946,
        0.20663556705974404,
        -0.01651311688702218,
        0.005612647851008378,
        0.019893165939289113,
        -0.027538518035552854
      ],
      "ridge_intercept": -0.026600314064387474,
      "logit_coef": [
        -0.58160367861674,
        0.046061693602651,
        -0.8958791760657725,
        -0.020186859304283367,
        0.0031068037132746164,
        -0.10722662052101495,
        -0.0007654971178561161,
        -0.8872505577609757,
        -0.3557472731160711,
        -0.7004483626054793,
        1.698472884122936,
        1.56596385846852,
        0.23326100677559133,
        -0.04090892965001642,
        -0.14930659520686113,
        0.2272597942230255,
        0.21085152068626156,
        0.41687542580854847,
        -0.2289733435937278,
        0.3454547607753458,
        -0.0026775506160955703,
        -0.0339277167454677,
        0.022690342450074313,
        0.012281490638667372
      ],
      "logit_intercept": 0.091138250015025,
      "feature_names": [
        "log_cur",
        "z7",
        "z30",
        "mom5",
        "mom14",
        "vol_ratio",
        "trend",
        "lag1",
        "lag3",
        "lag7",
        "rel_std7",
        "rel_std30",
        "accel",
        "btc_mom1",
        "btc_mom7",
        "btc_z30",
        "price_ret7",
        "price_ret30",
        "price_vol30",
        "fng_norm",
        "fng_trend",
        "market_BTC",
        "market_ETH",
        "market_SOL"
      ],
      "threshold": 0.65,
      "ridge_skill": 0.039295140798781825,
      "ensemble_dir_acc": 0.7748433223019647,
      "naive_mae": 0.4906526714846263
    },
    "30": {
      "type": "ensemble",
      "scaler_mean": [
        -9.363279420561462,
        -12.830861651733404,
        0.2688451274226386,
        0.6158978625732873,
        0.27045837579035453,
        0.6735104736826155,
        -0.06420017825555971,
        -0.2506949446625775,
        -0.2528466336052848,
        -0.6135806096666528,
        1.3454099629716836,
        2.2433074663192563,
        0.1982527532290985,
        0.5872117783998679,
        1.3514252985893607,
        0.1826918679350481,
        0.007128100578938976,
        0.03089912744638858,
        0.02400615080544129,
        0.08698682153227587,
        0.00243249625067807,
        0.3739111011838285,
        0.3640830913558186,
        0.2620058074603529
      ],
      "scaler_std": [
        1.043824212332398,
        3519.321989073643,
        1.2392154821325407,
        30.110388542987877,
        14.351196334387996,
        0.39968221056589004,
        16.709494741391662,
        9.890034297857627,
        11.509832150784444,
        25.357563164349262,
        14.266947828618958,
        21.947777876268486,
        21.265014893781217,
        5.269054565574816,
        9.108531728933167,
        1.3176061701189858,
        0.04529528954827455,
        0.10960125449846131,
        0.030385900619843104,
        0.4347712170991667,
        0.0834323970011998,
        0.4838404588243233,
        0.48117210428764595,
        0.4397257830937414
      ],
      "ridge_coef": [
        -0.500347509340132,
        -0.000577806098084841,
        -0.13406187472872197,
        -0.005931926212790453,
        -0.005983076687877365,
        0.005330655172596583,
        -0.009540351486398767,
        0.1105360203714565,
        -0.15571152315903186,
        -0.14007164414910045,
        0.24109741932627277,
        0.0593820451452746,
        -0.2441973799991917,
        -0.012338834727637658,
        -0.038242168428209725,
        0.010779317587313387,
        0.08730874347238975,
        0.03927187447897816,
        -0.13273124032718034,
        0.34763373610676057,
        -0.06588512446634313,
        0.0016152444530984197,
        0.02498205616961902,
        -0.02911402887697163
      ],
      "ridge_intercept": -0.03666454467440479,
      "logit_coef": [
        -1.1196305324586922,
        0.040008326227533864,
        -0.4219506104122633,
        -0.18114768182305807,
        -0.008292947284149026,
        -0.022044265034450214,
        -0.013138613768758313,
        -1.0306908235695522,
        -0.9898718165058819,
        -0.6072880011685049,
        1.795835049689317,
        1.2200423915508503,
        0.11926093201243095,
        -0.006639276281756224,
        -0.11862477992943633,
        0.03136781188180922,
        0.26920387623140024,
        0.11759201220304043,
        -0.21319890684937515,
        0.6910451862150088,
        -0.10248662053472907,
        0.0029945836758671334,
        0.05422771464023868,
        -0.06263395362014262
      ],
      "logit_intercept": -0.09079448404604926,
      "feature_names": [
        "log_cur",
        "z7",
        "z30",
        "mom5",
        "mom14",
        "vol_ratio",
        "trend",
        "lag1",
        "lag3",
        "lag7",
        "rel_std7",
        "rel_std30",
        "accel",
        "btc_mom1",
        "btc_mom7",
        "btc_z30",
        "price_ret7",
        "price_ret30",
        "price_vol30",
        "fng_norm",
        "fng_trend",
        "market_BTC",
        "market_ETH",
        "market_SOL"
      ],
      "threshold": 0.65,
      "ridge_skill": 0.07803523766546061,
      "ensemble_dir_acc": 0.7873498030623696,
      "naive_mae": 0.6550971610317434
    },
    "90": {
      "type": "stat",
      "market_stats": {
        "BTC": {
          "mean": 0.00011045770703287558,
          "std": 0.00019549727182523023,
          "recent_mean": -4.188777777777776e-06,
          "recent_std": 3.0456860815395854e-05
        },
        "ETH": {
          "mean": 0.00013315230967741936,
          "std": 0.000254342030980192,
          "recent_mean": -1.1142222222222218e-06,
          "recent_std": 3.649219717645722e-05
        },
        "SOL": {
          "mean": 3.5938570178183e-05,
          "std": 0.0006126959844367303,
          "recent_mean": -4.9176666666666666e-05,