{
  "models": {
    "7": {
      "type": "ensemble",
      "scaler_mean": [
        -9.31855233250813,
        157.65879300465195,
        0.33333681257105047,
        0.4879413355427073,
        0.17797267162172006,
        0.6719153371211135,
        0.01975654011735757,
        -0.21476369754864322,
        -0.16756512474264218,
        -0.5900739696427286,
        1.2055178886604134,
        2.0669733317061256,
        0.14299797642177778,
        0.5508094784452688,
        1.364285461626082,
        0.2099814870466687,
        0.0064433106607902114,
        0.026523941940546015,
        0.021161660756791777,
        0.06266330684241131,
        0.004295682995043333,
        0.3812754409769335,
        0.3758480325644505,
        0.24287652645861602
      ],
      "scaler_std": [
        1.0332267106166975,
        8685.581734232772,
        3.2643272463246054,
        28.231008135730615,
        13.928562740356995,
        0.4092016808253915,
        3.2913441615870656,
        8.940168283608786,
        9.854390324705555,
        22.790289675157403,
        12.556798535836267,
        20.081117918066152,
        18.479159747474306,
        4.883079440904625,
        9.329089584921535,
        1.7992488608247361,
        0.04229684699768393,
        0.1032301886618536,
        0.029634903168210252,
        0.4296586920094854,
        0.08141273447906949,
        0.4856999887634227,
        0.4843410874393088,
        0.4288210808181064
      ],
      "ridge_coef": [
        -0.26627005231357187,
        0.07409386614125993,
        -0.5524585689894024,
        0.026185579758789265,
        -0.038216428629214635,
        -0.12059588389422923,
        0.005993971255099874,
        -0.15451391159131997,
        -0.005182206444824934,
        -0.19603462082692494,
        0.29385377854754613,
        0.1039548164582486,
        -0.042721281956000286,
        -0.004175930098176516,
        -0.0023494246339983414,
        0.17593932921753294,
        0.07067554329405999,
        0.12286848377202052,
        -0.06235378667515753,
        0.10128001141628863,
        -0.12788656189940284,
        0.0271665839685042,
        0.03030695070086224,
        -0.06500079458448713
      ],
      "ridge_intercept": -0.10920033153700534,
      "logit_coef": [
        -0.5485499301520511,
        0.32116116446389,
        -2.4049846377412933,
        0.22580862506978708,
        -0.12679047157179435,
        -0.2338100831539058,
        0.013665545918002285,
        -1.1360742309252312,
        0.2708372246485466,
        -0.9708728744931544,
        0.8199274798006477,
        1.7302638141661741,
        0.6458852998569898,
        -0.008627668989878034,
        -0.040481135154547994,
        0.3638736074563011,
        0.2927899241906467,
        0.3896101782713303,
        -0.21073345703823304,
        0.15565572294863683,
        -0.2538163764707283,
        0.02242567348898942,
        0.06543603759210884,
        -0.09930834297010725
      ],
      "logit_intercept": -0.14318206073254844,
      "feature_names": [
        "log_cur",
        "z7",
        "z30",
        "mom5",
        "mom14",
        "vol_ratio",
        "trend",
        "lag1",
        "lag3",
        "lag7",
        "rel_std7",
        "rel_std30",
        "accel",
        "btc_mom1",
        "btc_mom7",
        "btc_z30",
        "price_ret7",
        "price_ret30",
        "price_vol30",
        "fng_norm",
        "fng_trend",
        "market_BTC",
        "market_ETH",
        "market_SOL"
      ],
      "threshold": 0.7,
      "ridge_skill": -0.08067843005495634,
      "ensemble_dir_acc": 0.7807537054998934,
      "ensemble_dir_acc_v1": 0.745435676578263,
      "half_life": 270,
      "naive_mae": 0.4836665116360367,
      "has_onnx": true,
      "onnx_file": "lgb_7d.onnx"
    },
    "30": {
      "type": "ensemble",
      "scaler_mean": [
        -9.312704588876992,
        151.391003049346,
        0.3306796876567063,
        0.5651026265641125,
        0.2048399980996276,
        0.6684700022502829,
        -0.04061148170847617,
        -0.22748136886200773,
        -0.24151232516218268,
        -0.5711366823478895,
        1.2763181863378141,
        2.1467636732857605,
        0.1708218006620928,
        0.5641396919660182,
        1.375343731719604,
        0.22600884186552314,
        0.00634909043804191,
        0.02740023920949685,
        0.02118818854832975,
        0.06760213143872111,
        0.0028156982153429775,
        0.38780343398460626,
        0.3789224393132031,
        0.23327412670219064
      ],
      "scaler_std": [
        1.0383427239563061,
        8777.41674962901,
        3.2912754117557914,
        28.320715301369802,
        14.122120308100664,
        0.4112045201818822,
        15.715664801249654,
        9.315467223933098,
        10.837748167307382,
        23.8525662855417,
        13.419197584441452,
        20.646644619191814,
        20.014565117218726,
        5.00552670472458,
        9.42250101559158,
        1.7973042294154749,
        0.042581514356097146,
        0.10343989674703843,
        0.02959363288389451,
        0.427672171716634,
        0.08203205248913209,
        0.48724935153813614,
        0.4851187733928106,
        0.4229152498001513
      ],
      "ridge_coef": [
        -0.4416087027114414,
        0.08832528659641059,
        -0.33442998912152383,
        -0.007715431634994942,
        -0.03268211540453315,
        0.06994825229023122,
        0.02232650638141396,
        0.3188564927783843,
        -0.2156171222003724,
        -0.48614567767893785,
        1.0543792476912317,
        -0.7271253865425048,
        -0.49683176752843794,
        -0.0004177263293298958,
        -0.02251469245008214,
        0.05075896874952675,
        0.06316384168704957,
        0.030937835802837602,
        -0.053312026731375445,
        0.22409287523372662,
        -0.06488231278090426,
        0.0007263157044063061,
        0.03582784044889867,
        -0.04193429978296799
      ],
      "ridge_intercept": -0.19070773381129658,
      "logit_coef": [
        -1.2068717970907643,
        0.17471876671269562,
        -1.2582955337999975,
        -0.10023238089167304,
        -0.047399583511987683,
        0.0911879336967052,
        0.019918599388056728,
        -0.7618328886475345,
        -1.1004379942292977,
        -0.43651594936463234,
        1.3104814842668766,
        0.0434089282792143,
        -0.022723986809291594,
        -0.03683881330875446,
        -0.10955136214211843,
        0.14205349873924702,
        0.208570519757443,
        0.13796995181278743,
        0.033309838399048,
        0.3346102170313505,
        -0.08251128102552763,
        -0.04265927542460483,
        0.05343154993608684,
        -0.012141779423113962
      ],
      "logit_intercept": -0.6934166341656376,
      "feature_names": [
        "log_cur",
        "z7",
        "z30",
        "mom5",
        "mom14",
        "vol_ratio",
        "trend",
        "lag1",
        "lag3",
        "lag7",
        "rel_std7",
        "rel_std30",
        "accel",
        "btc_mom1",
        "btc_mom7",
        "btc_z30",
        "price_ret7",
        "price_ret30",
        "price_vol30",
        "fng_norm",
        "fng_trend",
        "market_BTC",
        "market_ETH",
        "market_SOL"
      ],
      "threshold": 0.7,
      "ridge_skill": -0.015219002377115487,
      "ensemble_dir_acc": 0.7509554730946922,
      "ensemble_dir_acc_v1": 0.6975647077850097,
      "half_life": 360,
      "naive_mae": 0.6615447593193408,
      "has_onnx": true,
      "onnx_file": "lgb_30d.onnx"
    },
    "90": {
      "type": "stat",
      "market_stats": {
        "BTC": {
          "mean": 0.00011018096207087486,
          "std": 0.00019539265836689045,
          "recent_mean": -2.380222222222221e-06,
          "recent_std": 2.8096800093714812e-05
        },
        "ETH": {
          "mean": 0.00013285453075822604,
          "std": 0.00025415325228445056,