{
  "models": {
    "7": {
      "type": "ensemble",
      "scaler_mean": [
        -9.377039995536844,
        -23.332201411341277,
        0.2663204793348788,
        0.5260161460340902,
        0.1738537418736534,
        0.6782839644218318,
        0.0011812018204069026,
        -0.22985683046322564,
        -0.17087545305529084,
        -0.6359738433128622,
        1.2727516255521842,
        2.1669546844595344,
        0.17136593863866625,
        0.5757404387124883,
        1.3495093081624867,
        0.16067007175260659,
        0.0073433522118933215,
        0.029972801979424563,
        0.023891828037180797,
        0.07768255356362033,
        0.003506954421471255,
        0.36707477044162656,
        0.3605159597726279,
        0.27240926978574553
      ],
      "scaler_std": [
        1.0389714507957726,
        3218.4249107141713,
        1.2263704909942124,
        29.966992020771173,
        14.62471844588691,
        0.39674803448391877,
        3.4505496750443667,
        9.481068282738915,
        10.44594904594189,
        24.18677767853119,
        13.327763908335408,
        21.312649145582576,
        19.606094478915743,
        5.132440931411485,
        9.004382856970155,
        1.332042812271564,
        0.044844393258004614,
        0.10914141631888986,
        0.030424176292844364,
        0.438847378050315,
        0.08254379291081572,
        0.4820071403484439,
        0.480150187464143,
        0.44519934806841704
      ],
      "ridge_coef": [
        -0.2671595376874198,
        0.012667279953588167,
        -0.22258087926878262,
        0.022091971819247404,
        -0.030933012221719763,
        -0.09180835503053524,
        0.005129465399477494,
        0.0036002627233756045,
        -0.07050281224560226,
        -0.11044769155895631,
        0.26592596502543936,
        0.08509554489211565,
        -0.1659601681799965,
        -0.0071192948797906865,
        -0.005780300111750856,
        0.12415210965999171,
        0.06447521460343701,
        0.1300159912906025,
        -0.07761567921693292,
        0.11835177306365129,
        -0.11132237093718983,
        0.02536999973945065,
        0.026686399156510585,
        -0.05624896058690672
      ],
      "ridge_intercept": -0.0788848882181879,
      "logit_coef": [
        -0.4964100703184057,
        0.10039938719106406,
        -0.9942490479629216,
        0.1631695617535741,
        -0.09116191705987484,
        -0.20350096405318757,
        0.01655283768814663,
        -0.896738101821737,
        0.2952433397108571,
        -0.9825086055891745,
        0.9585086525252262,
        1.6556641344368996,
        0.3331986120646884,
        -0.01714180510487235,
        -0.05122982018512041,
        0.2726091917213495,
        0.2999279428391166,
        0.42837260318721054,
        -0.2430095472115612,
        0.126073980542707,
        -0.2002463429139717,
        0.009445707881580336,
        0.054399337914030135,
        -0.0688966663473234
      ],
      "logit_intercept": -0.047507495825078426,
      "feature_names": [
        "log_cur",
        "z7",
        "z30",
        "mom5",
        "mom14",
        "vol_ratio",
        "trend",
        "lag1",
        "lag3",
        "lag7",
        "rel_std7",
        "rel_std30",
        "accel",
        "btc_mom1",
        "btc_mom7",
        "btc_z30",
        "price_ret7",
        "price_ret30",
        "price_vol30",
        "fng_norm",
        "fng_trend",
        "market_BTC",
        "market_ETH",
        "market_SOL"
      ],
      "threshold": 0.7,
      "ridge_skill": -0.08233914530344388,
      "ensemble_dir_acc": 0.7568951561439924,
      "ensemble_dir_acc_v1": 0.7372116205980619,
      "half_life": 360,
      "naive_mae": 0.4898043528719896,
      "has_onnx": true,
      "onnx_file": "lgb_7d.onnx"
    },
    "30": {
      "type": "ensemble",
      "scaler_mean": [
        -9.368001060149973,
        -27.442573837107858,
        0.2607016192099932,
        0.6150775942489338,
        0.2582160476967614,
        0.6751640197864435,
        -0.06718443561621881,
        -0.2531468110157005,
        -0.2576585227576954,
        -0.6183295702094079,
        1.3504252778112085,
        2.2500435545054764,
        0.1988503158948471,
        0.5914025802705197,
        1.3576865717849689,
        0.17675412373869215,
        0.007229161372469356,
        0.0311164149485148,
        0.024035103572646717,
        0.08627854903716954,
        0.0018487940630797812,
        0.3734885803851321,
        0.3638602776533811,
        0.2626511419614868
      ],
      "scaler_std": [
        1.0453598540514057,
        3265.5536286382685,
        1.2325829672493844,
        30.14734539328762,
        14.486579951995054,
        0.3985076142084929,
        16.730008678954814,
        9.902405201685118,
        11.524508932273873,
        25.388941159611637,
        14.284278276578485,
        21.974494359138173,
        21.291314004212943,
        5.277269243825167,
        9.1195577576695,
        1.3202924701190233,
        0.045251789855275136,
        0.10963378011526971,
        0.03041742296466325,
        0.43504372524629836,
        0.08320239698238209,
        0.4837301527783884,
        0.4811091102851748,
        0.4400744477788001
      ],
      "ridge_coef": [
        -0.4297098812748836,
        0.01201618266911919,
        -0.17572213952514815,
        -0.00879618613151154,
        -0.032818995111688606,
        0.07370402398154893,
        0.02382000059402824,
        0.33362585932885613,
        -0.22053916391679068,
        -0.5011916135911121,
        1.1047716403389674,
        -0.7534970224299824,
        -0.5210817008501751,
        -0.00025356112905163393,
        -0.022642760581202254,
        0.058430038669994945,
        0.0739150623486245,
        0.027915660186569824,
        -0.0471057080714376,
        0.2201113205257412,
        -0.05972611673344302,
        0.0011327276205334873,
        0.033688132910272006,
        -0.038074471810404714
      ],
      "ridge_intercept": -0.16271619942933968,
      "logit_coef": [
        -1.2011486950366612,
        0.07495730360587491,
        -0.5368765908124674,
        -0.10796329650028015,
        -0.048893970778345966,
        0.09893897181111776,
        0.021337240946346425,
        -0.7141505112179807,
        -1.0866921378932175,
        -0.38862482581743496,
        1.2188800728210842,
        0.09562785454738178,
        -0.05328964867548092,
        -0.03889891913581643,
        -0.10552115198416802,
        0.12864994988440326,
        0.2282504685872251,
        0.13767206539234259,
        0.04741847238644208,
        0.3354268231950073,
        -0.07724825236489903,
        -0.03149758462638433,
        0.03889406867618772,
        -0.007898571185498832
      ],
      "logit_intercept": -0.5954422108697105,
      "feature_names": [
        "log_cur",
        "z7",
        "z30",
        "mom5",
        "mom14",
        "vol_ratio",
        "trend",
        "lag1",
        "lag3",
        "lag7",
        "rel_std7",
        "rel_std30",
        "accel",
        "btc_mom1",
        "btc_mom7",
        "btc_z30",
        "price_ret7",
        "price_ret30",
        "price_vol30",
        "fng_norm",
        "fng_trend",
        "market_BTC",
        "market_ETH",
        "market_SOL"
      ],
      "threshold": 0.7,
      "ridge_skill": -0.042116325932193055,
      "ensemble_dir_acc": 0.767381284357167,
      "ensemble_dir_acc_v1": 0.7349294626941686,
      "half_life": 360,
      "naive_mae": 0.6530813187336189,
      "has_onnx": true,
      "onnx_file": "lgb_30d.onnx"
    },
    "90": {
      "type": "ensemble",