{
  "models": {
    "7": {
      "type": "ensemble",
      "scaler_mean": [
        -9.320510291548086,
        156.81129726197133,
        0.3356572479961859,
        0.4925514233281218,
        0.14867343101692226,
        0.6719894266658026,
        0.017705846531703245,
        -0.21957514663517738,
        -0.1733782337775233,
        -0.5701525853721451,
        1.2027353877681688,
        2.063504755746465,
        0.1357332317870217,
        0.5411553969560006,
        1.3635222962108937,
        0.211623817271454,
        0.006587343273826449,
        0.026550511015554647,
        0.021066271343638625,
        0.06152689415847308,
        0.004363105566113081,
        -2.5685170618854825e-05,
        0.08147962791964637,
        -6.846961634856378e-06,
        0.6070958423884685,
        0.3797956429535377,
        0.37593984962406013,
        0.24426450742240216
      ],
      "scaler_std": [
        1.0316269003130727,
        8662.114784965665,
        3.25569440624986,
        28.15755104473554,
        14.307569937122276,
        0.4080367816926409,
        3.284660550976028,
        8.918536033617544,
        9.8330143348819,
        22.724624653138594,
        12.522634924696673,
        20.02867000551932,
        18.43626814806143,
        4.889035994958533,
        9.305243998656854,
        1.7948063758946469,
        0.04218924810841158,
        0.10287365707887569,
        0.029586423390506315,
        0.4295340948679109,
        0.0811774532268947,
        0.0006114467417112304,
        1.2240781287240212,
        0.000483500181617903,
        19.344163911277732,
        0.4853358760147802,
        0.4843646137866703,
        0.42965027386946236
      ],
      "ridge_coef": [
        -0.6034908420143028,
        0.0794159741865596,
        -0.3039362969676464,
        0.01229631274220429,
        -0.02220055242688683,
        -0.10838708218381844,
        0.009861995695058273,
        -0.07404167411215,
        -0.07791565771065448,
        -0.040327848937760494,
        0.15702412343734823,
        0.011966863039139677,
        -0.013438143563553367,
        -0.01046607547509321,
        0.00603798731121719,
        0.12115143347892085,
        0.05840944957874246,
        0.07031483832686147,
        -0.10194802263464964,
        0.08394436911487235,
        -0.09161723784745301,
        0.5394187398306411,
        -0.04324163451212366,
        -0.12452441197754602,
        -0.0011518144528730532,
        0.032761886871403675,
        0.027207856397294557,
        -0.06768072473995973
      ],
      "ridge_intercept": -0.023112133960980774,
      "logit_coef": [
        -1.493316329955906,
        0.2846565149440859,
        -2.1463555109834633,
        0.12704135242134112,
        -0.07619719120302043,
        -0.25608603067854613,
        0.02527079696128771,
        -0.6588449168158903,
        0.17111636792587281,
        -0.47220942160413254,
        0.47224296484608697,
        0.5976915780530183,
        0.08856952454574503,
        -0.03118051008605472,
        -0.02665309719980672,
        0.2517724049835353,
        0.28624572104874924,
        0.29344845667821823,
        -0.3285432876491971,
        0.13739922235234892,
        -0.2130139327397226,
        1.2163818192840885,
        0.06961387532467803,
        -0.3245811230373241,
        0.06429442535200047,
        0.005269718633573505,
        0.06542743935571282,
        -0.07971208675259069
      ],
      "logit_intercept": -0.04070228254447238,
      "feature_names": [
        "log_cur",
        "z7",
        "z30",
        "mom5",
        "mom14",
        "vol_ratio",
        "trend",
        "lag1",
        "lag3",
        "lag7",
        "rel_std7",
        "rel_std30",
        "accel",
        "btc_mom1",
        "btc_mom7",
        "btc_z30",
        "price_ret7",
        "price_ret30",
        "price_vol30",
        "fng_norm",
        "fng_trend",
        "basis_cur",
        "basis_z30",
        "basis_mom1",
        "basis_trend",
        "market_BTC",
        "market_ETH",
        "market_SOL"
      ],
      "threshold": 0.7,
      "ridge_skill": -0.09572902498839686,
      "ensemble_dir_acc": 0.7696300737508379,
      "ensemble_dir_acc_v1": 0.7533922193325479,
      "half_life": 360,
      "naive_mae": 0.4835375544631123,
      "has_onnx": true,
      "onnx_file": "lgb_7d_v3.onnx"
    },
    "30": {
      "type": "ensemble",
      "scaler_mean": [
        -9.31270263678243,
        150.82738915290184,
        0.3316644372943047,
        0.5670161537663925,
        0.22119412888326104,
        0.6681615219061493,
        -0.039896655195027435,
        -0.22890010876950714,
        -0.24507322830013523,
        -0.5594091638907398,
        1.2677781481591925,
        2.1378368473291407,
        0.1693150258559942,
        0.5617441206908005,
        1.3749794710825427,
        0.2278925140135958,
        0.006388027056422307,
        0.027410597438922345,
        0.021069849152663436,
        0.06774675580023591,
        0.002841132520644906,
        -2.111395792371215e-05,
        0.0754213253022036,
        -6.2585194651985726e-06,
        0.5736790031225354,
        0.38694455367675973,
        0.37907982697601256,
        0.2339756193472277
      ],
      "scaler_std": [
        1.0353663185768702,
        8761.01114751267,
        3.2850205508080066,
        28.267826543452692,
        14.167107201993991,
        0.41015606915901043,
        15.686272302242495,
        9.297913451123744,
        10.816928417189741,
        23.80248655166712,
        13.391415102786969,
        20.60774778718005,
        19.977365700750706,
        4.996244172878298,
        9.405656177209323,
        1.793694572082988,
        0.04242159495469087,
        0.10316649462009374,
        0.02956633747186267,
        0.426773180490316,
        0.08184722904720186,
        0.0006093278361188607,
        1.2343093934730138,
        0.0004789723167054473,
        19.842142792741647,
        0.4870507838579823,
        0.4851580276114553,
        0.42335685762521663
      ],
      "ridge_coef": [
        -0.7467923480645907,
        0.052017377295391,
        -0.18213484199191057,
        -0.016527123722923573,
        -0.030327403749239926,
        0.05586241988049264,
        0.02393682146324378,
        0.2560996890805381,
        -0.16352150445043012,
        -0.4060115142704898,
        0.8795895938805068,
        -0.7115454912989974,
        -0.3456889318577514,
        -8.917534980441293e-05,
        -0.012799966952395133,
        0.048433492377741964,
        0.0721465891174162,
        -0.013739024063944873,
        -0.06635107409955351,
        0.19131589392673046,
        -0.03914428854397936,
        0.48961868962917393,
        -0.09633605827051317,
        -0.11869697708180918,
        0.027812674358892345,
        0.010381896555150056,
        0.03942636780092662,
        -0.05712563587387311
      ],
      "ridge_intercept": -0.12953733193387504,
      "logit_coef": [
        -2.0205175027997546,
        0.15758877749079925,
        -0.7696341698410378,
        -0.13315771662619885,
        -0.042252176807246904,
        0.046501510493755414,
        0.025932596351739785,
        -0.6784713414308556,
        -1.1087306296220518,
        -0.15650926684818992,
        0.9240335119291059,
        -0.6011407955867003,
        0.023313889507736697,
        -0.0478286464743688,
        -0.0769136581150025,
        0.10566271679502802,
        0.21945079232334577,
        0.02618950184931083,
        -0.010039676420764749,
        0.3545910686797868,
        -0.05807254295209967,
        1.0278483180386448,
        -0.11773193551436456,
        -0.28183126823564625,
        0.068487909103654,
        -0.02684878595307036,
        0.05978263950441482,
        -0.037621465051096495
      ],
      "logit_intercept": -0.600127571651546,